ཨེ་མ་ཧོ~E MA HO!~Normal~" The translation 'E MA HO!' is accurate, but consider using 'How wondrous!' for a more natural English expression."", """
སྔོན་བྱུང་གི་དུས་ན་སངས་རྒྱས་འདོ་སྲུངས་ཆེན་པོ་ཞེས་བྱ་བ་ཞིག་ལ་སྣང་བ་ཆེན་པོ་བརྒྱ་སྟོང་དང་ལྡན་པའི་མཆོད་རྟེན~In times of yore, there was a Buddha called Great Kasyapa who had a stupa endowed with a hundred thousand great lights,~Normal~" The translation is accurate, but 'times of yore' is somewhat archaic. Consider 'In ancient times' for clarity."", """
ཤིན་ཏུ་བརྩེགས་ལེགས་ལ་གསལ་བ~exceedingly well-constructed and radiant,dfsdfsd~Normal~
མཐོ་བ་ལ་སྲིད་པའི་རྩེ་མོར་སླེབ་པ་ལ~so tall that it reached the peak of existence,~Normal~" The phrase 'peak of existence' could be more precisely rendered as 'summit of cyclic existence' to better capture སྲིད་པའི་རྩེ་མོ."", """
རྒྱ་སྟོང་གསུམ་འཇིག་རྟེན་གྱི་སྐྱེ་འགྲོ་ཡོངས་ལ་ཁྱབ་པ~pervading all sentient beings in the three thousand great world systems,~Normal~
རྩ་བ་ནི་ན་རག་ཆེན་པོའི་དམྱལ་བའི་ཁམས་ལ་ཐུག་པ~its base extending to the realm of the great hell of Naraka,~Normal~" 'Naraka' should be capitalized as it's a proper noun referring to a specific hell realm."", """
ཆུང་བའི་ཚད་ནི་ཏིལ་འབྲུ་བརྒྱར་བསྒོས་པའི་ཚད་ཙམ~its smallest measure being the size of a hundredth part of a sesame seed,~Normal~" The translation is accurate but could be clearer. Consider 'its smallest measure being merely one-hundredth the size of a sesame seed' to better convey the meaning."", """
ཡངས་པའི་མཐའ་ནི~its expanse~Normal~
ནམ་མཁས་གང་དུ་ཁྱབ་པ་ཙམ~as vast as the reach of space,~Normal~
གསལ་བའི་ཚད་ནི་ཉི་ཟླ་སྤྲིན་གྱིས་མ་བསྒྲིབས་པ་ལྟ་བུ~its clarity like the sun and moon unobscured by clouds,~Normal~
ཐོགས་པ་མེད་པ་རླུང་ལྟ་བུ་གཅིག་ཡོད་པས~and it was unimpeded like the wind.~Normal~
དེ་ལ་ཐམས་ཅད་ཀྱིས་མཆོད་འོས་སུ་མཐོང་སྟེ~Everyone saw it as worthy of offerings,~Normal~
ལས་སྣ་ཚོགས་ཀྱིས་སྒོ་ནས་མཆོད་པ་ཆེར་བྱས་པས~and made great offerings through various activities,~Normal~" 'through various activities' could be more precisely translated as 'through various kinds of offerings' to better reflect ལས་སྣ་ཚོགས་ཀྱིས་སྒོ་ནས་མཆོད་པ."", """
གང་ལ་ཡང་དངོས་གྲུབ་མ་བྱུང་སྟེ~yet no one attained any spiritual accomplishments.~Normal~" 'spiritual accomplishments' is good, but 'siddhis' or 'attainments' might better capture the technical meaning of དངོས་གྲུབ."", """
དེའི་ཚེ་རང་སྣང་གི་བུ་མོ་དང~At that time, a self-manifesting maiden and~Normal~
གསལ་བར་རང་སྣང་གི་ཁྱེའུ་གཉིས་འདུས་ནས~a clearly self-manifesting youth came together,~Normal~
མཆོད་པའི་ལས་གཅིག་གིས་སྐད་ཅིག་མ་ལ་སངས་རྒྱས་སོ~and through a single act of offering, they attained Buddhahood in an instant.~Normal~
ཞེས་བཀྲ་ཤིས་མཛེས་ལྡན་དཔལ་ནམ་མཁའ་མེད་པའི་རྒྱུད་ཆེན་པོ་ལས~Thus [it is written] in the great tantra 'The Glorious Adorned with Auspiciousness Without Sky',~Normal~" The translation adds '[it is written]' which is appropriate for clarity, but consider '[thus it is taught]' to better reflect the authoritative nature of the tantra."", """
དབང་པོ་ཀུན་སང་གི་འཁྲུལ་གཞི་བསྟན་པའི་ལེའུ་སྟེ་ལྔ་པའོ~this was the fifth chapter showing the basis of confusion for all the senses.~Normal~" 'basis of confusion' is accurate, but consider 'foundation of delusion' to better capture the philosophical implications of འཁྲུལ་གཞི."", '"
བཀྲ་ཤིས་མཛེས་ལྡན་དཔལ་ནམ་མཁའ་མེད་པའི་རྒྱུད་ཀྱི་རྒྱལ་པོ་རྫོགས་སོ~The king of tantras, 'The Glorious Adorned with Auspiciousness Without Sky', is complete.~Normal~
ཟབ་རྒྱ~Profound seal,~Normal~
སྤས་རྒྱ~Concealed seal,~Normal~
གཏད་རྒྱ~Entrusted seal.~Normal~
དཔལ་སྔགས་སྲུང་གི་རྒྱལ་མོ་ཨེ་ཀ་ཙ་ཏིས་སྲུངས་ཤིག~May the glorious queen of mantra protectors, Ekajati, protect [this text]!~Normal~
རྒྱ་རྒྱ་རྒྱ~Seal, seal, seal.~Normal~
འགྲེལ་པ་སྒྲོན་མ་འདུས་པ་བྱ་བ་ཡོད་དེ~There exists a commentary called 'The Lamp of Gathered [Wisdom]'.~Normal~ The translation is accurate, but consider adding a note that this refers to a commentary that may have existed historically.']
བཀྲ་ཤིས་མཛེས་ལྡན་ཉིད་ལམ་བུ་དགུ~The 'Adorned with Auspiciousness' itself has nine paths.~Normal~
དགེའོ་དགེའོ་དགེའོ་~Virtue! Virtue! Virtue!~Normal~
